{
  "best_model": "random_forest",
  "mae": 355.32032901334776,
  "rmse": 399.25815349203106,
  "r2": -0.6703816579889306,
  "cv_r2": -0.30824452459717844
}